destination,destination_slug,year,attraction_count,region,best_season,weather,attraction_1,attraction_1_desc,attraction_2,attraction_2_desc,attraction_3,attraction_3_desc,food_1,food_2,food_3,estimated_cost,duration,tip_1,tip_2,tip_3
Đà Lạt,da-lat,2025,10,Tây Nguyên,"Tháng 10-12, Tháng 3-4","Mát mẻ quanh năm 15-24°C",Hồ Xuân Hương,Hồ nước ngọt ở trung tâm thành phố với cảnh quan thơ mộng,Thung lũng Tình Yêu,Khu du lịch nổi tiếng với nhiều hoạt động vui chơi,Thiền viện Trúc Lâm,Ngôi chùa tuyệt đẹp nằm trên núi cao,Bánh tráng nướng,Lẩu gà lá é,Sữa đậu nành,3500000,3,"Mang theo áo ấm, Đà Lạt khá lạnh về đêm",Thuê xe máy để di chuyển tiện lợi,Đặt khách sạn trước từ 1-2 tuần
Phú Quốc,phu-quoc,2025,8,Kiên Giang,"Tháng 11-3","Nắng ráo, nhiệt độ 25-30°C",Bãi Sao,Bãi biển đẹp nhất Phú Quốc với cát trắng mịn,Vinpearl Safari,Vườn thú bán hoang dã lớn nhất Việt Nam,Chợ đêm Phú Quốc,Khu chợ sầm uất với nhiều món ăn đặc sản,Gỏi cá trích,Bún quậy,Hải sản nướng,5500000,4,Đặt vé máy bay sớm để được giá tốt,Thuê xe máy hoặc ô tô tự lái,Nên mua bảo hiểm du lịch
Hội An,hoi-an,2025,12,Quảng Nam,"Tháng 2-5","Khô ráo, nhiệt độ 22-28°C",Phố cổ Hội An,Khu phố cổ được UNESCO công nhận di sản,Rừng dừa Bảy Mẫu,Trải nghiệm đi thuyền thúng độc đáo,Cù Lao Chàm,Đảo sinh thái với rạn san hô đẹp,Cao lầu,Bánh mì Phượng,Cơm gà,2800000,3,Đi dạo phố cổ vào buổi tối để thấy đẹp nhất,Thuê xe đạp để khám phá thành phố,Mua vé combo để tiết kiệm chi phí
Sa Pa,sa-pa,2025,9,Lào Cai,"Tháng 9-11, Tháng 3-5","Mát mẻ, sương mù, 15-23°C",Ruộng bậc thang,Ruộng lúa đẹp nhất vào mùa nước đổ,Đỉnh Fansipan,Nóc nhà Đông Dương cao 3143m,Thác Bạc,Thác nước hùng vĩ giữa núi rừng,Thịt trâu gác bếp,Cá tầm,Rượu táo mèo,3000000,3,Mang theo áo ấm và áo mưa,Thuê xe máy cần có kinh nghiệm vì đường dốc,Book homestay để có trải nghiệm địa phương
Nha Trang,nha-trang,2025,11,Khánh Hòa,"Tháng 6-8","Nắng đẹp, nhiệt độ 26-32°C",Vinpearl Land,Công viên giải trí lớn nhất Nha Trang,Bãi Dài,Bãi biển hoang sơ dài 13km,Tháp Bà Ponagar,Di tích Chăm Pa cổ kính,Bún chả cá,Nem nướng,Hải sản tươi sống,4200000,4,Đặt khách sạn gần biển để tiện di chuyển,Nên đi tour 4 đảo để khám phá biển,Thử massage bùn khoáng
Hạ Long,ha-long,2025,7,Quảng Ninh,"Tháng 10-12, Tháng 3-4","Mát mẻ, nhiệt độ 20-28°C",Vịnh Hạ Long,Di sản thiên nhiên thế giới với 1969 đảo đá,Đảo Titop,Đảo nhỏ với bãi tắm đẹp và đỉnh núi view toàn cảnh,Hang Sửng Sốt,Hang động lớn nhất vịnh Hạ Long,Chả mực,Hải sản tươi,Ốc luộc,4500000,2,Đi du thuyền qua đêm để trải nghiệm đầy đủ,Book tour qua đêm 2-3 tháng trước,Mang theo thuốc say sóng nếu cần
Đà Nẵng,da-nang,2025,10,Đà Nẵng,"Tháng 2-5","Nắng đẹp, nhiệt độ 23-29°C",Bà Nà Hills,Khu du lịch trên núi với Cầu Vàng nổi tiếng,Ngũ Hành Sơn,Quần thể núi đá vôi với nhiều hang động,Bãi Mỹ Khê,Bãi biển đẹp nhất hành tinh theo Forbes,Mì Quảng,Bánh tráng cuốn thịt heo,Bún chả cá,3800000,3,Kết hợp với Hội An gần đó,Thuê Grab để di chuyển tiện lợi,Đi Bà Nà vào ngày trong tuần ít đông hơn
Vũng Tàu,vung-tau,2025,6,Bà Rịa - Vũng Tàu,"Tháng 11-4","Mát mẻ, nhiệt độ 24-30°C",Tượng Chúa Kitô,Tượng Chúa cao 32m với view toàn cảnh,Bãi Sau,Bãi biển sầm uất với nhiều hoạt động,Hải Đăng Vũng Tàu,Ngọn hải đăng cổ nhất Việt Nam,Bánh khọt,Lẩu cua đồng,Hải sản nướng,2500000,2,Đi xe máy từ TP.HCM mất 2 tiếng,Nên đi vào tuần để tránh đông,Book khách sạn sớm vào cuối tuần
Mũi Né,mui-ne,2025,8,Bình Thuận,"Quanh năm, tốt nhất tháng 11-3","Khô hanh, nắng nhiều 26-32°C",Đồi cát bay,Đồi cát vàng rộng lớn với hoạt động trượt cát,Suối tiên,Suối nước đỏ độc đáo chảy qua cát,Hòn Rơm,Mũi đất nhô ra biển với view đẹp,Bánh căn,Bánh xèo,Lẩu cá ngừ,3200000,3,Đi jeep để khám phá đồi cát,Dậy sớm để ngắm bình minh,Thuê xe máy để tự do di chuyển
Cần Thơ,can-tho,2025,7,Cần Thơ,"Tháng 12-4","Nắng ráo, nhiệt độ 25-32°C",Chợ nổi Cái Răng,Chợ nổi lớn nhất miền Tây,Vườn Cò Bằng Lăng,Vườn cò với hàng nghìn con cò,Bến Ninh Kiều,Bến sông Hậu với cảnh đẹp,Bánh xèo,Hủ tiếu,Cá lóc nướng trui,2000000,2,Đi chợ nổi lúc 5-6h sáng,Thuê xe đạp khám phá vườn trái cây,Nên đi trong dịp Tết Nguyên Đán
