topic,topic_slug,definition,benefit_1,benefit_2,benefit_3,step_1_title,step_1_content,step_2_title,step_2_content,step_3_title,step_3_content,warning,related_topic
Cài đặt WordPress,cai-dat-wordpress,WordPress là hệ quản trị nội dung phổ biến nhất thế giới giúp tạo website dễ dàng,Miễn phí và mã nguồn mở,Dễ sử dụng với giao diện trực quan,Hàng nghìn theme và plugin có sẵn,Chọn hosting và tên miền,Đăng ký hosting chất lượng và tên miền phù hợp với nội dung website của bạn,Download WordPress và upload lên hosting,Tải WordPress từ wordpress.org và upload lên hosting qua FTP hoặc cPanel,Chạy trình cài đặt,Truy cập domain và làm theo hướng dẫn cài đặt để hoàn tất,Backup dữ liệu thường xuyên để tránh mất mát,chọn theme WordPress
Tối ưu SEO OnPage,toi-uu-seo-onpage,SEO OnPage là việc tối ưu hóa nội dung và code của website để xếp hạng cao trên Google,Tăng traffic tự nhiên từ Google,Cải thiện trải nghiệm người dùng,Tăng tỷ lệ chuyển đổi,Nghiên cứu từ khóa,Sử dụng công cụ như Google Keyword Planner để tìm từ khóa phù hợp,Tối ưu nội dung,Viết nội dung chất lượng với từ khóa xuất hiện tự nhiên trong title và content,Tối ưu kỹ thuật,Cải thiện tốc độ tải trang và tối ưu meta tags,Không nhồi nhét từ khóa quá mức sẽ bị Google phạt,xây dựng backlink chất lượng
Chụp ảnh chân dung,chup-anh-chan-dung,Chụp ảnh chân dung là nghệ thuật ghi lại hình ảnh và cá tính của con người,Lưu giữ khoảnh khắc đẹp,Phát triển kỹ năng nhiếp ảnh,Tạo nguồn thu nhập từ nghề ảnh,Chọn góc chụp và ánh sáng,Tìm góc chụp đẹp nhất và sử dụng ánh sáng tự nhiên hoặc đèn flash,Setup camera và ống kính,Sử dụng chế độ Portrait mode và ống kính 50-85mm,Hướng dẫn model tạo dáng,Giao tiếp với model để họ tự nhiên và thoải mái nhất,Chú ý background để không bị rối và phân tán chủ thể,chỉnh sửa ảnh trên Lightroom
Viết Content Marketing,viet-content-marketing,Content Marketing là chiến lược tạo nội dung giá trị để thu hút khách hàng,Xây dựng thương hiệu hiệu quả,Tăng độ tin cậy với khách hàng,Chi phí thấp hơn quảng cáo truyền thống,Xác định đối tượng mục tiêu,Nghiên cứu insight và nhu cầu của khách hàng tiềm năng,Lập kế hoạch nội dung,Tạo content calendar với các chủ đề phù hợp,Viết và xuất bản nội dung,Viết bài chất lượng và đăng đều đặn trên các kênh,Cần kiên trì vì content marketing cho kết quả lâu dài,phân tích dữ liệu marketing
Học tiếng Anh giao tiếp,hoc-tieng-anh-giao-tiep,Tiếng Anh giao tiếp là kỹ năng sử dụng tiếng Anh trong cuộc sống hàng ngày,Tự tin giao tiếp với người nước ngoài,Mở rộng cơ hội việc làm,Du lịch dễ dàng hơn,Học từ vựng theo chủ đề,Học từ vựng thường dùng theo các chủ đề như ăn uống và du lịch,Luyện nghe và nói mỗi ngày,Xem phim và nghe nhạc tiếng Anh có phụ đề,Thực hành với người bản ngữ,Tham gia câu lạc bộ tiếng Anh hoặc chat online,Đừng sợ sai và cứ thực hành nhiều thì sẽ tiến bộ,luyện phát âm chuẩn
Đầu tư chứng khoán,dau-tu-chung-khoan,Đầu tư chứng khoán là việc mua cổ phiếu để hưởng lợi nhuận từ doanh nghiệp,Tạo thu nhập thụ động,Chống lạm phát hiệu quả,Có thể bắt đầu với số vốn nhỏ,Mở tài khoản chứng khoán,Chọn công ty chứng khoán uy tín và hoàn tất thủ tục mở tài khoản,Học kiến thức cơ bản,Tìm hiểu về phân tích cơ bản và kỹ thuật,Thực hành với số tiền nhỏ,Bắt đầu đầu tư với số tiền mình có thể chấp nhận mất,Không bỏ tất cả tiền vào một cổ phiếu để phân tán rủi ro,đọc báo cáo tài chính doanh nghiệp
Nấu món Phở,nau-mon-pho,Phở là món ăn truyền thống Việt Nam với nước dùng trong và thơm,Thưởng thức món ăn quốc hồn,Tiết kiệm chi phí ăn ngoài,Khoe tài nấu ăn với gia đình,Chuẩn bị nguyên liệu,Mua xương ống và thịt bò tươi cùng gia vị như hành và gừng,Nấu nước dùng,Hầm xương từ 8-12 tiếng để có nước dùng ngọt và trong,Hoàn thiện và trình bày,Luộc bánh phở và xếp thịt bò lên trên cùng rau thơm,Cần kiên nhẫn khi hầm xương để có nước dùng chuẩn vị,làm nước chấm các món Việt
Thiết kế Logo,thiet-ke-logo,Logo là biểu tượng đại diện cho thương hiệu và giúp khách hàng nhận diện,Tạo ấn tượng đầu tiên mạnh mẽ,Xây dựng nhận diện thương hiệu,Tăng độ chuyên nghiệp,Nghiên cứu thương hiệu,Tìm hiểu về giá trị cốt lõi và đối tượng khách hàng,Vẽ sketch ý tưởng,Phác thảo nhiều ý tưởng khác nhau trên giấy,Thiết kế trên phần mềm,Sử dụng Adobe Illustrator để vector hóa logo,Logo phải đơn giản và dễ nhận diện không nên quá rối,chọn màu sắc cho thương hiệu
Trồng cây cảnh,trong-cay-canh,Trồng cây cảnh là sở thích giúp trang trí nhà và cải thiện không khí,Không gian xanh thư giãn,Cải thiện chất lượng không khí,Giảm stress hiệu quả,Chọn cây phù hợp,Chọn cây dễ trồng như cây kim tiền và cây lưỡi hổ,Chuẩn bị đất và chậu,Sử dụng đất trồng chuyên dụng và chậu có lỗ thoát nước,Chăm sóc hàng ngày,Tưới nước đều đặn và đặt cây ở vị trí có ánh sáng,Không tưới nước quá nhiều sẽ làm rễ cây bị thối,bón phân cho cây
Chạy quảng cáo Facebook,chay-quang-cao-facebook,Facebook Ads là công cụ quảng cáo mạnh mẽ để tiếp cận khách hàng tiềm năng,Tăng độ nhận diện thương hiệu,Chi phí linh hoạt theo ngân sách,Đo lường hiệu quả chính xác,Tạo Fanpage và cài Pixel,Tạo trang doanh nghiệp và cài đặt Facebook Pixel trên website,Thiết lập chiến dịch quảng cáo,Chọn mục tiêu và tạo nhóm quảng cáo với audience phù hợp,Tối ưu và theo dõi,Theo dõi metrics và điều chỉnh để tăng hiệu quả,Cần test nhiều mẫu quảng cáo để tìm ra mẫu tốt nhất,tạo nội dung viral trên mạng xã hội
